model_id,model_name,train_CE_loss,validation_CE_loss,train_acc,validation_acc
1,Baseline Model (Random Classifer),2.7292835997275806,2.7133451340303605,0.09794135995009358,0.10264418072038309
2,Logistic Regression,0.018539669314360147,3.911086036072996,0.9998752339363693,0.2644180720383094
3,Decision Tree,0.24203798034815044,26.39875220745922,0.9206487835308796,0.1778749392740648
4,Random Forest,0.08807704745257257,2.2754440711585193,1.0,0.24533277812478313
5,Random Forest -- GridSearch,0.270310444280272,2.1575463907205834,1.0,0.26247484211256855
6,Catboost,1.069234061176899,2.199320226235013,0.9287585776668746,0.22902352696231523
